actId,category,actText,unsplashUrlOrId,notes,currentImageTitle
dap-001,connection-kindness,Send a message to someone you have been meaning to check on.,https://unsplash.com/photos/front-view-of-happy-couple-in-love-sitting-indoors-at-home-using-laptop-nltOFGxu9ZU,,businesswoman walking
dap-002,connection-kindness,Tell someone one thing you genuinely appreciate about them.,https://unsplash.com/photos/man-and-woman-facing-6rKkr2fh2-I,,Flower 5 _ Rose & Petals
dap-005,connection-kindness,Give a sincere compliment to a stranger.,https://unsplash.com/photos/friends-are-walking-and-smiling-together-outdoors-2VkUdNANwdA,,Little Treasures Children's Trust
dap-006,connection-kindness,Thank someone whose work often goes unnoticed.,https://unsplash.com/photos/man-in-white-polo-shirt-wearing-black-framed-eyeglasses-JPcO061-UL0,,Spring Gift :)
dap-008,connection-kindness,Send a voice message instead of a quick text.,https://unsplash.com/photos/woman-talking-on-phone-at-desk-with-laptop-lc4f-fDx6zE,,businesswoman walking isolated
dap-009,connection-kindness,Ask someone how they are — and really listen.,https://unsplash.com/photos/a-couple-of-men-standing-next-to-each-other-ecM7npYpFpk,,Sir Alex Ferguson meets NWAA
dap-010,connection-kindness,Leave a kind comment on someone’s work.,https://unsplash.com/photos/a-couple-of-men-sitting-at-a-table-in-front-of-a-laptop-0e5EGrNj-ss,,"Motorcycle safety ride cruises to Brescia, offers operation basics"
dap-011,connection-kindness,Help someone without telling anyone about it.,https://unsplash.com/photos/a-couple-holding-hands-while-standing-next-to-each-other-rf5U-IXqxzg,,Hundreds of College of DuPage Volunteers Help Community During Serve-a-Thon 2017 2
dap-013,connection-kindness,Tell a family member you love them.,https://unsplash.com/photos/photo-of-mother-and-child-beside-body-of-water-ry_sD0P1ZL0,,Dean Acheson
dap-014,connection-kindness,Send an old photo to someone who would appreciate the memory.,https://unsplash.com/photos/a-person-holding-a-phone-pI6ebvwMlbI,,'Ruby's Lips' by My Lovely Wife
dap-019,connection-kindness,Call someone you normally only text.,https://unsplash.com/photos/a-woman-talking-on-a-cell-phone-while-using-a-laptop-tZ92DLD3Q-c,,Don't people talk while they walk anymore?
dap-020,connection-kindness,Remember someone’s name and use it.,https://unsplash.com/photos/two-women-converse-at-a-cafe-DVoh8VY4NTQ,,I Love People
dap-021,connection-kindness,Send encouragement to someone going through a difficult time.,https://unsplash.com/photos/a-couple-of-people-that-are-hugging-each-other-8_QVYlFKlh4,,Life saving - drinking water
dap-022,connection-kindness,Tell someone you are proud of them.,https://unsplash.com/photos/a-group-of-people-standing-next-to-each-other-ti8cT-DKwes,,Message to The World
dap-024,connection-kindness,Leave a positive review for a small business you love.,https://unsplash.com/photos/two-cafe-owners-proudly-stand-together-dU3KJqyYlO0,,Message to The World
dap-025,connection-kindness,Thank a teacher who helped you.,https://unsplash.com/photos/woman-and-child-reading-in-library-7fF0iei80AQ,,RIAN archive 872838 Children at the Artek Young Pioneer Camp.jpg
dap-026,connection-kindness,Thank someone from your past who made a difference.,https://unsplash.com/photos/a-man-and-woman-kissing-maDPeafRzQ0,,The Yellow Rose of Brooklyn by My Lovely Wife
dap-027,connection-kindness,Ask someone about something they care deeply about.,https://unsplash.com/photos/a-couple-of-women-standing-next-to-each-other-KRhtGeSupJg,,Message to The World
dap-032,connection-kindness,Ask an older person to tell you a story from their life.,https://unsplash.com/photos/three-women-talking-and-smiling-in-a-room-4O7MT3s9ElY,,Girl with grandmother planting rice
dap-034,connection-kindness,Tell a friend what makes them special.,https://unsplash.com/photos/two-women-sitting-on-the-beach-pointing-at-the-camera-aMPjULm0XzI,,Two friends hugging in a photo booth
dap-035,connection-kindness,Send someone a song that reminds you of them.,https://unsplash.com/photos/young-woman-wearing-headphones-and-using-phone-on-bed-NzEdxXqvFww,,"Carmen Monarcha (Soprano Soloist, Choir) 29 Oct 2009; Melbourne, Australia"
dap-044,connection-kindness,Ask someone what they need today.,https://unsplash.com/photos/two-man-laughing-at-each-other-FHiJWoBodrs,,Where are the stairs? (Explored)
dap-045,connection-kindness,Give a genuine apology if you owe one.,https://unsplash.com/photos/man-hugging-woman-near-trees-BCyfpZE3aVE,,The Drops of Help
dap-048,connection-kindness,Tell someone about a positive impact they had on you.,https://unsplash.com/photos/couple-looking-at-each-other-while-holding-hands-wPAmA768vf4,,Tagged: BAD GIRL.
dap-050,connection-kindness,Do one small thing that makes someone’s day easier.,https://unsplash.com/photos/a-man-and-a-woman-laying-a-rug-on-the-floor-S_uTzflaB0s,,World
dap-051,family,Call a family member just to talk.,https://unsplash.com/photos/man-with-red-hair-talking-on-a-cell-phone-tcuLaHhxNSM,,Santa Claus on the phone
dap-052,family,Eat a meal with someone without looking at your phone.,https://unsplash.com/photos/three-people-having-a-toast-on-table-wYOPqmtDD0w,,Friends Sharing a Meal 03
dap-053,family,Ask a parent or grandparent about their childhood.,https://unsplash.com/photos/mens-white-button-up-shirt-lK0l9pzxLps,,Girl with grandmother in Laos
dap-054,family,Help with a household task without being asked.,https://unsplash.com/photos/man-and-woman-by-open-range-oven-5we-PtvuCyE,,Obama's Mama
dap-056,family,Tell a sibling or close friend a favorite memory you have with them.,https://unsplash.com/photos/two-girls-running-on-a-wet-sandy-beach-at-sunset-yuD5m0kh39U,,"You keep talking Mom, I'll write it all down..."
dap-058,family,"Ask someone, “How can I support you today?”",https://unsplash.com/photos/a-man-reaching-out-his-hand-to-another-man-on-top-of-a-rock-JYfLlOKRMaE,,SHC Collections Limited
dap-060,family,Send a “good morning” message to someone who matters to you.,https://unsplash.com/photos/man-in-white-turtleneck-sweater-holding-smartphone-HT6AFKBcfVA,,Smiling Egyptian cat-goddess Bast
dap-061,family,End the day by thanking someone you live with.,https://unsplash.com/photos/a-couple-of-men-standing-next-to-each-other-eA8A7otEjIQ,,Message to The World
dap-062,family,Ask someone about a dream they still have.,https://unsplash.com/photos/man-wearing-brown-jacket-YCM4DM7TCl8,,Message to The World
dap-063,family,Recreate a happy memory with someone.,https://unsplash.com/photos/children-playing-soccer-in-a-sunny-park-y_sf8j3K2ZY,,Looking through old photos
dap-064,family,Tell someone why you are grateful they are in your life.,https://unsplash.com/photos/group-of-people-hugging-themselves-1TuZF_ma87A,,a memory box gift from lady Anomaly
dap-065,family,"Give someone a long, real hug.",https://unsplash.com/photos/man-and-woman-hugging-near-trees-Jqk9QJgmH0Q,,P and P Active
dap-073,family,Look through old photos with someone.,,,Message to The World
dap-074,family,Ask someone how they are feeling today.,https://unsplash.com/photos/a-woman-sitting-at-a-table-talking-to-another-woman-eXaHkicU3wo,,Message to The World
dap-075,family,Surprise someone with their favorite small thing.,https://unsplash.com/photos/man-gives-woman-a-bouquet-of-pink-roses-v1vijninZLc,,Friends laughing
dap-078,family,Write down five things you love about someone.,https://unsplash.com/photos/person-writing-on-white-paper-Ak5c5VTch5E,,Naomi Wolf
dap-081,reconnecting,Reach out to someone you lost touch with.,https://unsplash.com/photos/man-in-black-long-sleeve-shirt-and-gray-pants-sitting-on-black-metal-railings-during-daytime-wJyp9ueZZ7s,,"Christmas Friends, Santa Clause Hugs Tree"
dap-082,reconnecting,Send a message to an old friend.,https://unsplash.com/photos/a-woman-sitting-at-a-table-looking-at-her-cell-phone-eL4xIEuHzzk,,Constant Surveillance
dap-083,reconnecting,Ask someone you miss how life has been.,https://unsplash.com/photos/a-couple-of-people-sitting-on-top-of-a-grass-covered-field-MuQxPoy7AHk,,Boardwalk Hug
dap-084,reconnecting,Thank someone from your past.,https://unsplash.com/photos/two-women-and-a-husky-dog-outdoors-gWhEB-1Wceg,,"Sweet Honey in a Flower, Or The Glow of Infant Moon?"
dap-085,reconnecting,Reconnect with someone you once cared about.,https://unsplash.com/photos/woman-in-red-long-sleeve-shirt-sitting-beside-woman-in-white-long-sleeve-shirt-4ixi6kpRyaQ,,Happy New Year !!! :-) XO XO XO
dap-086,reconnecting,Apologize to someone if you know you hurt them.,https://unsplash.com/photos/man-and-woman-hugging-SK5GIyya_Jk,,two girls and a snowy landscape
dap-088,reconnecting,Write a message you have been afraid to send.,https://unsplash.com/photos/man-in-train-holding-smartphone-oqY09oVTa3k,,University Chambers 1
dap-089,reconnecting,Check on someone you have not spoken to in over a year.,https://unsplash.com/photos/a-person-holding-a-phone-664eGz6v0sg,,Dan
dap-090,reconnecting,Invite someone for a coffee or a walk.,https://unsplash.com/photos/a-man-and-a-woman-sitting-at-a-table-zTjVhEKkhRc,,Grand Canyon Trail of Time Dedication 0101013mq_0554
dap-091,reconnecting,Tell someone you miss them.,https://unsplash.com/photos/man-using-ip-phone-inside-room-WEDDt-u3q3o,,vintage snap of two girls
dap-092,reconnecting,Send someone an unexpected memory.,https://unsplash.com/photos/young-woman-using-a-smartphone-while-sitting-on-a-couch-MBg7jCxFnjo,,looking through old photo's at Oma's
dap-093,reconnecting,Ask an old friend to catch up.,https://unsplash.com/photos/young-woman-smiling-while-using-her-smartphone-in-bed-fKxTOjnWebo,,embrace
dap-094,reconnecting,Thank someone for a lesson they taught you.,https://unsplash.com/photos/two-women-hugging-each-other-in-a-room-full-of-people-rsJv_jOaK0I,,"Just Because — Carol Caggiano, AIFD, PFCI"
dap-095,reconnecting,Reconnect without expecting anything in return.,https://unsplash.com/photos/a-group-of-people-standing-outside-BMovZvj7-ow,,Lorena Cupcake & Patrick Barber
dap-096,reconnecting,Make peace with someone over a small disagreement.,https://unsplash.com/photos/a-woman-sitting-on-a-couch-talking-to-a-man-rf1-7M95Tes,,Girls at the fountain
dap-099,reconnecting,Tell someone from your past that you hope they are doing well.,https://unsplash.com/photos/two-women-sitting-at-a-table-talking-to-each-other-5qTt2G-JzUw,,Infinite Youth
dap-100,reconnecting,Reach out to someone who might be feeling alone.,https://unsplash.com/photos/woman-in-white-dress-standing-on-gray-concrete-floor-during-daytime-zTWfuNgAOqk,,"The Big Egg Hunt 2013 - Covent Garden, London"
dap-103,community,Donate something you no longer use.,https://unsplash.com/photos/a-group-of-people-standing-around-a-table-BlzrvWb1_vQ,,Tim
dap-104,community,Give food or useful items to someone in need.,https://unsplash.com/photos/women-packing-food-bags-at-distribution-Cns0h4ypRyA,,13 Things
dap-105,community,Support a local small business.,https://unsplash.com/photos/construction-workers-shake-hands-after-a-deal-1sv3PJYtn88,,Lost In The Gully
dap-106,community,Leave a generous review for a good local business.,https://unsplash.com/photos/man-in-suit-holding-clipboard-talking-to-woman-w7rKpNn53t4,,Gathering in the Gap 2015 (17542466843).jpg
dap-107,community,Learn the name of someone who works in your building or neighborhood.,https://unsplash.com/photos/two-businessmen-in-suits-talking-at-a-table-K7T68ZLCtwk,,Gathering in the Gap 2015 (17975167628).jpg
dap-108,community,Help a neighbor with something small.,https://unsplash.com/photos/man-in-blue-crew-neck-t-shirt-standing-beside-brown-cardboard-boxes-tnVdQGmWtb0,,Gathering in the Gap 2015 (17542296543).jpg
dap-111,community,Leave a place cleaner than you found it.,https://unsplash.com/photos/man-in-blue-shirt-sitting-on-sand-during-daytime-xch7jXAaqqo,,Gathering in the Gap 2015 (17974997228).jpg
dap-112,community,Donate clothes you no longer wear.,https://unsplash.com/photos/two-women-hanging-laundry-on-a-rooftop-SxdLwGYXAqo,,Gathering in the Gap 2015 (17542300963).jpg
dap-113,community,Bring food to someone who needs support.,https://unsplash.com/photos/a-group-of-people-holding-plates-of-food-Glt7d_fofLQ,,12/12/2009 (Day 3.346) - Thank You
dap-114,community,Give away something useful instead of throwing it away.,https://unsplash.com/photos/white-and-blue-plastic-packs-WXnBzI7AypY,,Gathering in the Gap 2015 (17975154220).jpg
dap-117,community,Support a local cause.,https://unsplash.com/photos/a-man-in-a-turban-is-preparing-food-04OgKea3bkQ,,Gathering in the Gap 2015 (17540305304).jpg
dap-120,community,Donate books you no longer read.,https://unsplash.com/photos/two-young-boys-reading-a-book-together-outdoors-_5v4rEX1cNU,,Gathering in the Gap 2015 (17976660239).jpg
dap-125,community,Give blood if you are able and eligible.,https://unsplash.com/photos/person-on-chair-donating-blood-X20g2GQsVdA,,A group photo taken during a social or religious gathering outdoors.png
dap-126,community,"Donate to a cause you genuinely trust, if you can.",https://unsplash.com/photos/children-on-brown-soil-Xavq7lKj5j8,,Surrounded by clothing
dap-127,community,Help someone carry their shopping.,https://unsplash.com/photos/a-couple-of-children-carrying-baskets-on-their-heads-8DBvBmGVLNc,,"Tamara Johnson, #ScienceWoman"
dap-128,community,Check whether an elderly neighbor needs anything.,https://unsplash.com/photos/adult-and-child-walking-on-path-snDUMdYF7o8,,Grandfather and child 4
dap-129,community,Let someone know about an opportunity they might benefit from.,https://unsplash.com/photos/two-women-waving-at-a-tablet-screen-pT-CMHpVONg,,Proud Sari Sari Owner
dap-130,community,Give useful items directly to someone who needs them.,https://unsplash.com/photos/a-couple-of-people-that-are-holding-a-bag--74B6XNGuYo,,Primary means of travel (free to download read beow)
dap-132,community,Leave a kind note for someone to find.,https://unsplash.com/photos/man-holding-ballpoint-pen-PnErHCrtXnw,,2008.11.12 - The letter
dap-133,community,Support someone’s small project.,https://unsplash.com/photos/two-women-talking-while-looking-at-laptop-computer-7okkFhxrxNw,,"and more guns... December 14, 2012 02"
dap-134,community,Recommend someone’s work.,https://unsplash.com/photos/two-women-are-looking-over-papers-USEUd1wHfZg,,"and more guns... December 14, 2012 03"
dap-135,community,Share a job or opportunity with someone who could benefit.,https://unsplash.com/photos/two-women-in-an-office-looking-at-a-laptop-OBnHQsK9JPg,,Haze in northeastern China
dap-136,community,"Thank a cleaner, delivery worker, or service worker.",https://unsplash.com/photos/man-in-black-jacket-riding-motorcycle-jm70AzcV5AQ,,Steve's 2013 Garden 23
dap-141,planet,Take a walk and pick up litter along the way.,https://unsplash.com/photos/person-in-blue-t-shirt-holding-white-textile-EPPS6W5LdXs,,Orange and green leaves of climbing plants around tree
dap-143,planet,"Walk somewhere instead of driving, if possible.",https://unsplash.com/photos/man-and-woman-walking-on-sidewalk-during-daytime-l4jueTOWzeI,,Plant more trees please....
dap-145,planet,Take a shorter shower.,https://unsplash.com/photos/topless-woman-in-black-and-white-floral-skirt-4xlQ0LrcilQ,,Anne McClain of NASA plantings a tree for traditional pre-launch activities
dap-148,planet,Recycle properly today.,https://unsplash.com/photos/a-couple-of-people-riding-bikes-down-a-street-G-yqWK08za0,,David Saint-Jacques of the Canadian Space Agency plants a tree
dap-149,planet,Plant something.,https://unsplash.com/photos/a-couple-of-people-that-are-kneeling-down-in-the-dirt-z6zG_FTBw0s,,Expedition 58 crew members plant a tree
dap-150,planet,Water a plant.,https://unsplash.com/photos/woman-watering-plant-beside-window-EOJRrenjc4c,,"Perennial Flowers. The British herbal: an history of plants and trees, natives Britain, cultivated for use, or raised fo"
dap-153,planet,Take your own bag when shopping.,https://unsplash.com/photos/woman-in-white-coat-holding-green-shopping-cart-Gk8LG7dsHWA,,Serena Aunon-Chancellor of NASA plants a tree
dap-157,planet,Give an unwanted item a second life.,https://unsplash.com/photos/a-group-of-men-standing-around-each-other-holding-a-box-wTJeRSnV4vs,,"D.A.R. planting pine tree at San Clemente City Hall, with Mrs. William C. Haughton, Mrs. Alfred Theurich , and Mayor How"
dap-159,planet,Spend time in nature without your phone.,https://unsplash.com/photos/person-sitting-on-hill-near-ocean-during-daytime-RFgO9B_OR4g,,Rick Mastracchio Plants a Tree
dap-161,planet,Feed birds safely and responsibly.,https://unsplash.com/photos/people-feeding-swans-and-ducks-by-a-calm-lake-SHKMGNJJnps,,BLM Botanist Plants New Tree of Knowledge at Little Big Horn College
dap-162,planet,Support a project that protects nature.,https://unsplash.com/photos/people-sitting-on-wooden-fence-near-white-swan-during-daytime-2b-P_jWjh7I,,Haywood Community College students planting spruce trees
dap-172,self,Go for a walk without listening to anything.,https://unsplash.com/photos/a-group-of-people-walking-through-a-lush-green-park-V0_LdCtR4gw,,Happiness Is Walking in the Forest
dap-173,self,Write down three things that went well today.,https://unsplash.com/photos/woman-sitting-in-front-of-black-table-writing-on-white-book-near-window-NXiIVnzBwZ8,,old letter
dap-176,self,Get enough sleep tonight.,https://unsplash.com/photos/a-person-lying-in-a-bed-tgMKcE-Qo5o,,Dazed and confused
dap-179,self,Write down one thing you are grateful for.,https://unsplash.com/photos/man-in-black-t-shirt-writing-on-white-paper-BPZ1huYak7c,,old letter
dap-180,self,Spend time alone without distracting yourself.,https://unsplash.com/photos/a-couple-sitting-on-a-bench-T3WIvhGcXHc,,Everyone is Unique
dap-185,self,Stop comparing yourself to someone today.,https://unsplash.com/photos/smiling-man-with-green-mountaineering-bag-during-daytime-3Y366aqddJ0,,They carry the water
dap-186,self,Write down something you are proud of.,https://unsplash.com/photos/a-person-sitting-on-the-floor-writing-on-a-notebook-XVtWhPS-hic,,Checklist
dap-188,self,Do something you have been putting off that will make you feel better.,https://unsplash.com/photos/woman-cleaning-stairs-in-home-FhsFUo-Wfc0,,count my blessings ..
dap-189,self,Clean a space that has been bothering you.,https://unsplash.com/photos/woman-makes-the-bed-in-a-stylish-modern-bedroom-YZxGx9hAivY,,Computer books
dap-193,self,Watch the sunrise or sunset.,https://unsplash.com/photos/a-group-of-people-standing-on-top-of-a-bridge-8FqNbhj6YfA,,Caption This Week 7 (9/12 Thru 9/16)
dap-194,self,Write a letter to your future self.,https://unsplash.com/photos/fountain-pen-on-black-lined-paper-y02jEX_B0O0,,Elizabeths Letter
dap-195,self,Remember a moment you overcame something difficult.,https://unsplash.com/photos/woman-wearing-brown-sweater-holding-lips-3B6RfJQKBEM,,Alex ~ Acrobatic Street Performer
dap-208,communication,Avoid gossip for one day.,https://unsplash.com/photos/three-men-and-one-woman-laughing-during-daytime-e3OUQGT9bWU,,Lynn Shelton ~ Writer and Director of 'Touchy Feely'
dap-243,helping,Introduce two people who could help each other.,https://unsplash.com/photos/people-laughing-and-talking-outside-during-daytime-nF8xhLMmg0c,,Hundreds of College of DuPage Volunteers Help Community During Serve-a-Thon 2017 26
dap-244,helping,Recommend someone for an opportunity.,https://unsplash.com/photos/a-group-of-people-sitting-around-a-wooden-table-8Fbdi6AcHVs,,Hundreds of College of DuPage Volunteers Help Community During Serve-a-Thon 2017 34
dap-246,helping,Help someone feel more confident.,https://unsplash.com/photos/man-and-woman-laughing-surrounded-with-green-grass-during-daytime-GvIZU9SvrKg,,Hundreds of College of DuPage Volunteers Help Community During Serve-a-Thon 2017 32
dap-249,helping,Help someone without expecting credit.,https://unsplash.com/photos/man-carrying-woman-on-back-TmTYtJ5RiN8,,Blood Donation - Be a Hero to Save Lives
dap-250,helping,Do something kind anonymously.,https://unsplash.com/photos/man-and-woman-holding-hand-together-while-stepping-on-rocks-near-sea-s7pxXFY9Pwk,,Trash and debris in Bread and Cheese Creek before our spring cleanup on 4/5/14
dap-259,courage,Start a conversation with someone you normally would not approach.,https://unsplash.com/photos/a-couple-of-people-standing-next-to-each-other-OFJZjKDuXcY,,"Discussing the Jala maize landrace, famed for the world's largest ears"
dap-263,courage,Tell someone you love them.,https://unsplash.com/photos/couple-looks-at-each-other-lovingly-in-a-field-3qKpnFMcNdM,,CPR in J'bad
dap-268,courage,Give someone another chance.,https://unsplash.com/photos/a-man-and-woman-embracing-each-other-near-the-ocean-eQ50ItjvEM4,,NTU's Big Clear Out
dap-269,courage,Stand beside someone who is alone.,https://unsplash.com/photos/two-people-sitting-on-a-bench-in-front-of-a-fountain--YEG1dixmqs,,CPR in J'bad
dap-271,courage,Reach out to someone you had an argument with.,https://unsplash.com/photos/a-couple-of-men-sitting-on-top-of-a-blue-bench-FqFVgoN-CEU,,"Grits, Cornbread, and Survival in Virginia"
dap-275,courage,Start repairing a relationship that matters to you.,https://unsplash.com/photos/a-group-of-people-sitting-on-top-of-a-wooden-bench-MQCoPbIrPBI,,89. explored.
dap-276,joy,Send someone a funny video you know they will love.,https://unsplash.com/photos/a-woman-laughing-while-sitting-in-a-chair-24_Wq5a8m_Q,,A Cold Day To Be Homeless
dap-277,joy,Bring someone their favorite snack.,https://unsplash.com/photos/woman-in-pink-crew-neck-shirt-beside-man-in-yellow-crew-neck-shirt-WfnP_CFPybo,,CBR003159
dap-278,joy,Play a song that makes someone smile.,https://unsplash.com/photos/two-young-women-singing-and-playing-guitar-together-lbqfafLy65Y,,Laura Engel (Soprano Soloist) 8 Dec 2007; Phx. AZ
dap-280,joy,Share a happy memory.,https://unsplash.com/photos/smiling-man-standing-while-using-phone-eS1hRrh_xhc,,1 euro shop
dap-281,joy,Surprise someone with a small gesture.,https://unsplash.com/photos/man-giving-woman-bouquet-of-pink-roses-YWyKcSN3MmI,,teacher
dap-282,joy,"Give someone flowers — picked, bought, or homemade.",https://unsplash.com/photos/man-gives-woman-flowers-in-front-of-dark-background-ek6sBFcXQWw,,Caroline Oates Charity Fashion Show
dap-283,joy,Make a playlist for someone.,https://unsplash.com/photos/man-in-black-jacket-sitting-on-chair-iC5f0oZNTLw,,"AMSTEL, Γιατί έτσι σας αρέσει [AMSTEL, because this is how you like it]"
dap-284,joy,Send someone a photo that will make them smile.,https://unsplash.com/photos/a-man-looking-at-his-cell-phone-and-laughing-N9fGkZBXNvY,,Portraits of India - 1
dap-285,joy,Tell someone your favorite thing about them.,https://unsplash.com/photos/a-man-and-woman-smiling-_Df9QWzSv_A,,Summertime
dap-286,joy,Invite someone to do something fun.,https://unsplash.com/photos/boy-in-black-long-sleeve-shirt-and-blue-pants-playing-with-blue-plastic-container-during-daytime-CBnSTRvnfCE,,Sammie competing
dap-287,joy,Share good news with someone who will celebrate it with you.,https://unsplash.com/photos/diverse-team-celebrating-success-at-office-desk-jPLvaZ06uy0,,Grill Party
dap-288,joy,Celebrate a small achievement.,https://unsplash.com/photos/group-of-colleagues-taking-a-selfie-in-the-office-o5nf0dftqaQ,,Grill Party
dap-289,joy,Write a note that makes someone smile.,https://unsplash.com/photos/woman-in-white-dress-shirt-writing-on-white-paper-6Tms8qn3-VE,,My Dearest Mother
dap-291,joy,Ask someone to join you instead of doing something alone.,https://unsplash.com/photos/2-women-sitting-on-blue-leather-chair-holding-white-and-red-plastic-cups-4VDRCoNuvE0,,Wedding Day
dap-292,joy,Bring energy to a room instead of negativity.,https://unsplash.com/photos/man-in-white-dress-shirt-sitting-beside-woman-in-black-long-sleeve-shirt-376KN_ISplE,,"Winter Holiday Concert - Camp Humphreys, South Korea - 121213"
dap-295,joy,"Surprise someone with coffee, tea, or something they enjoy.",https://unsplash.com/photos/man-in-blue-and-white-checkered-button-up-shirt-holding-white-ceramic-mug-QdDER-pLd8k,,"Winter Holiday Concert - Camp Humphreys, South Korea - 121213"
dap-296,joy,Create a small moment worth remembering.,https://unsplash.com/photos/a-group-of-people-taking-a-picture-together-sr4xtO90tUM,,"Winter Holiday Concert - Camp Humphreys, South Korea - 121213"
dap-297,joy,Dance or sing with someone.,https://unsplash.com/photos/group-of-people-dancing-6Woj_wozqmA,,Sleeping Beauty
dap-298,joy,Tell someone a happy memory you share.,https://unsplash.com/photos/four-friends-laughing-and-high-fiving-over-coffee-l_ExpFwwOEg,,Buddha's Steeple (with a volcano poking through the fog)
dap-299,joy,Make someone feel seen.,https://unsplash.com/photos/man-and-woman-kissing-during-daytime-ila2EciR6DY,,Grill Party
dap-300,joy,Give someone a reason to smile today.,https://unsplash.com/photos/smiling-man-in-rust-colored-shirt-abGfK2e7m0s,,Compositions: drying washing
dap-301,beyond,Learn something about another culture.,https://unsplash.com/photos/three-smiling-friends-stand-together-outdoors-U9CJ5lOfnn4,,Margaritaville
dap-302,beyond,Listen to music from a country you know little about.,https://unsplash.com/photos/woman-dancing-on-bed-wearing-headphones-and-singing-XxplPRmgDRI,,Sebastian Vrhovnik (Slovenia)
dap-303,beyond,Learn how to say “thank you” in a new language.,https://unsplash.com/photos/man-reading-book-akocAO9QCHM,,ThankYouFlowers
dap-304,beyond,Try food from a different culture.,https://unsplash.com/photos/woman-in-white-shirt-eating-CAhjZmVk5H4,,Sunday brunch with daughter of a departed friend
dap-305,beyond,Read about a place you have never visited.,https://unsplash.com/photos/person-reading-book-in-library-DfrGxT0YWUE,,Toronto: University of Toronto Scarborough Campus
dap-306,beyond,Have a conversation with someone whose life experience differs from yours.,https://unsplash.com/photos/man-in-sunglasses-talks-to-woman-in-red-beret-outdoors-o8SsfbQ1COQ,,Geronimo
dap-307,beyond,Ask someone about a tradition that matters to them.,https://unsplash.com/photos/two-women-talking-at-a-cafe-table-gRmyW5p_4lQ,,"'Fall Walk', United States, New York, New York City, East Village, Tompkins Square Park"
dap-308,beyond,Learn one fact that changes how you see another part of the world.,https://unsplash.com/photos/woman-reading-book-sitting-beside-electronic-keyboard-oCPDom0y_yI,,Grand Canyon Trail of Time 20100911mq_6404a
dap-309,beyond,Follow a creator who teaches you something outside your usual perspective.,https://unsplash.com/photos/a-man-holding-a-cell-phone-up-to-his-face-VcrjDmTUKFg,,Walking Baby
dap-310,beyond,Listen to a story from someone older or younger than you.,https://unsplash.com/photos/man-clapping-hands-with-an-elderly-woman-za32INDZ1JI,,Close talkers
dap-311,beyond,Learn about a community you know little about.,https://unsplash.com/photos/a-man-and-a-woman-looking-at-a-book-920yOnO_wok,,Baeolophus bicolor - Tufted Titmouse
dap-312,beyond,Find something you have in common with someone different from you.,https://unsplash.com/photos/a-man-and-a-woman-standing-next-to-each-other-rjzW_IIjBJc,,The Drill Instructor
dap-314,beyond,Read an article from a country outside your own.,https://unsplash.com/photos/a-man-sitting-at-a-table-reading-a-newspaper-ou-MszyjNew,,Chatsworth House - Sept 2014 - Candid Couple Enjoying a Walk in the Park
dap-316,beyond,Learn the history behind a place near you.,https://unsplash.com/photos/a-woman-sitting-on-a-bench-reading-a-book-sLv7ra9ab18,,day 009.
dap-317,beyond,Ask someone where they feel most at home.,https://unsplash.com/photos/woman-in-white-shirt-sitting-on-green-grass-4GA2mp7KJ_U,,Basilique Sacré-Coeur - Paris - France - Interior Altar
dap-318,beyond,Share something positive from your culture with someone.,https://unsplash.com/photos/silhouette-of-two-person-sitting-on-chair-near-tree-M9jrKDXOQoU,,IMG_1016
dap-319,beyond,Celebrate a tradition that is not your own by learning about it respectfully.,https://unsplash.com/photos/a-group-of-people-sitting-around-a-table-with-drinks-K3AzpN5S6VU,,RHS Wisley - Aug 2009 - Fancy a Highland Fling
dap-321,bigger,Volunteer your time for a cause.,https://unsplash.com/photos/two-women-holding-shovels-2obBFGDL9xM,,The American Legion
dap-322,bigger,Organize a small act of kindness with friends.,https://unsplash.com/photos/three-men-wearing-yellow-volunteers-shirts-qKVSEuBT5EY,,Friends
dap-323,bigger,Donate something meaningful.,https://unsplash.com/photos/man-in-white-t-shirt-and-white-pants-holding-black-and-white-box-BlnpElo7clE,,A Madness for Living
dap-324,bigger,Spend an afternoon helping someone.,https://unsplash.com/photos/two-people-clean-a-trash-strewn-beach-with-rakes-and-buckets--JM_GYT5PHc,,Pocket Courtyard
dap-325,bigger,Clean up a public area.,https://unsplash.com/photos/volunteers-collecting-trash-on-a-beach-with-blue-bags-WwWPcQkzHPk,,Almost there . . .
dap-326,bigger,Visit someone who may be lonely.,https://unsplash.com/photos/women-talking-at-art-class-table-8NDGA3RepNg,,Message to The World
dap-327,bigger,Help someone prepare for a job or interview.,https://unsplash.com/photos/woman-wearing-red-and-black-checkered-blouse-using-flat-screen-computer-RMweULmCYxM,,Vision.. thats all it Needs!
dap-328,bigger,Mentor someone younger than you.,https://unsplash.com/photos/two-men-by-lake-at-golden-hour-VCKNkF2vV94,,2011-09-18 Elf Fantasy Fair 2011 Edition Arcen. Wilja
dap-329,bigger,Support someone going through a difficult period.,https://unsplash.com/photos/a-man-helping-another-man-stand-on-a-dock-vvIHNJkxd-Y,,Angel Tree annual gift giving campaign
dap-330,bigger,Organize a small gathering that brings people together.,https://unsplash.com/photos/group-of-people-sitting-on-front-firepit-x9I-6yoXrXE,,"Cover from 'Your Hut - Your Home', Railways Booklet"
dap-331,bigger,Help someone solve a problem they have been avoiding.,https://unsplash.com/photos/man-in-gray-crew-neck-t-shirt-wearing-black-framed-eyeglasses-using-computer-7K2i9iaBp80,,20111031-FNS-LSC-0084
dap-332,bigger,Share a useful opportunity with multiple people.,https://unsplash.com/photos/four-coworkers-smiling-around-laptop-at-table-Of_m3hMsoAA,,2011-09-17 Elf Fantasy Fair 2011 Edition Arcen
dap-333,bigger,Donate your skills to a community project.,https://unsplash.com/photos/a-group-of-people-sitting-around-a-white-table-T74mVg__F_k,,You can't help wondering: how did these guys dress when they were teenagers?
dap-334,bigger,"Organize a collection of clothes, food, or books.",https://unsplash.com/photos/a-person-wearing-a-backpack-AMNcrHqusSs,,The Sharing Foundation
dap-337,bigger,Support a friend’s dream in a practical way.,https://unsplash.com/photos/2-women-standing-on-bridge-during-daytime-CQWsDU-8V1k,,"The Big Egg Hunt 2013 - Covent Garden, London"
dap-338,bigger,Introduce people who could create something good together.,https://unsplash.com/photos/people-gathered-in-a-room-some-interacting-IhVom0KsuOM,,"2011-09-17 Elf Fantasy Fair 2011 Edition Arcen. Maris Brood, Tamara"
dap-340,bigger,Do one thing today that makes your community stronger.,https://unsplash.com/photos/people-standing-in-front-of-brown-cardboard-boxes-y3ZY6qFln_g,,Michael ~ Neighborhood Parking Coordinator
dap-341,special-choir,Sing a song with someone.,https://unsplash.com/photos/man-playing-guitar-beside-singing-woman-9b6yj0m2WVA,,Complaints Choir
dap-342,special-choir,Teach someone a song you love.,https://unsplash.com/photos/couple-singing-and-playing-guitar-together-indoors-SM8peDK3H1U,,Diponegoro University Choir (Indonesia)
dap-343,special-choir,Ask someone what song reminds them of home.,https://unsplash.com/photos/two-girls-singing-and-playing-guitar-together-indoors-3DZWuXdvNOE,,12 days - 12 puppets 'singing'
dap-344,special-choir,Share a song that helped you through a difficult time.,https://unsplash.com/photos/a-couple-of-men-standing-next-to-each-other-holding-a-microphone-HCppBzagbyA,,Ogilvie 400 Mass 8 March
dap-345,special-choir,Listen to a song from another country.,https://unsplash.com/photos/a-man-and-woman-kissing-IePLv14KcM0,,On our way to sing.. Rock Church 290407
dap-347,special-choir,Make a playlist called “Peace.”,https://unsplash.com/photos/group-of-people-celebrating-occassion-tIr-PWgSYB4,,"Take Note, QVE and Coro de Niños perform together"
dap-348,special-choir,Invite someone to sing with you.,https://unsplash.com/photos/selective-focus-photo-of-two-women-sitting-near-gray-pavement-road-jWsZ-Bubk9o,,Ogilvie 400 Mass 8 March
dap-349,special-choir,Take one minute today to imagine the entire world singing together.,https://unsplash.com/photos/person-performing-heart-hand-gesture-hzgs56Ze49s,,choir practice
dap-350,special-choir,Do one thing today that brings two people closer together.,https://unsplash.com/photos/man-sitting-beside-two-woman-on-gray-surface-rwF_pJRWhAI,,2016-02-26_0008_Bernardo Fuller
dap-351,practice,Practice the song.,https://unsplash.com/photos/woman-with-headphones-cleaning-and-enjoying-music-L7MOlmuP0bQ,,2016-02-26_0044_Bernardo Fuller
dap-352,practice,Sing the song without looking at the lyrics.,https://unsplash.com/photos/man-singing-into-a-remote-control-on-a-bed--FjlfMFPBXo,,What's on in Cambridge woes
dap-353,practice,Learn the meaning behind one line of the song.,https://unsplash.com/photos/man-with-headphones-plays-video-game-on-couch-8CJ26Hj1QuE,,Ogilvie 400 Mass 8 March
dap-354,practice,Sing the song with someone else.,https://unsplash.com/photos/couple-singing-and-dancing-in-a-bright-kitchen-b-7yKCvivnA,,Beginnings
dap-355,practice,Invite someone to practice the song with you.,https://unsplash.com/photos/two-girls-learning-guitar-from-a-tablet-mFn-Vky3HEg,,CloseTheCamps_30Days_Day24_IMG_3575-1
dap-356,practice,Record yourself singing a small part of the song.,https://unsplash.com/photos/man-singing-and-playing-guitar-with-headphones-on-j5bP0zaxmZM,,Ogilvie 400 Vespers 7 March
dap-357,practice,Practice the song somewhere you feel completely free.,https://unsplash.com/photos/woman-sitting-on-couch-with-hands-near-face-Xb5ev2dmkQA,,Ogilvie 400 Vespers 7 March
dap-358,practice,Imagine where you will be when the world sings as one.,https://unsplash.com/photos/a-crowd-of-people-watching-a-fireworks-display-lFn6EEQtjK0,,Memories of a WWII Veteran
dap-359,foundation-discovery,Discover a Foundation created by someone you admire.,https://unsplash.com/photos/man-wearing-headphones-on-public-transport-tD8iyxepip8,,12116-N-DG226-59
dap-360,foundation-discovery,Read the story behind a Foundation.,https://unsplash.com/photos/man-in-black-crew-neck-t-shirt-wearing-black-framed-eyeglasses-BkYXR4RUzR4,,Improvisation on Karl Moon's ' Navajo Boy'.
dap-361,foundation-discovery,Learn about a cause you knew little about.,https://unsplash.com/photos/a-man-sitting-at-a-table-using-a-laptop-computer-M--B4-vJaMs,,Person reading a book
dap-362,foundation-discovery,Explore a Foundation working to fight hunger.,https://unsplash.com/photos/man-in-glasses-using-phone-at-desk-with-laptop-vHvPXbK0F84,,Donated
dap-363,foundation-discovery,Discover a project helping improve access to healthcare.,https://unsplash.com/photos/woman-looking-at-her-phone-in-an-office-XSuXjvMT9YA,,2011-09-17 Elf Fantasy Fair 2011 Edition Arcen. Naomi
dap-364,foundation-discovery,Learn about a Foundation supporting education.,https://unsplash.com/photos/man-operating-laptop-on-top-of-table-C3V88BOoRoM,,clothes shoes
dap-365,foundation-discovery,Read about a project working to protect the environment.,https://unsplash.com/photos/man-in-black-crew-neck-t-shirt-using-macbook-kylWNDQFd5A,,Haywood Community College students prepare to plant spruce trees
dap-366,foundation-discovery,Explore a cause dedicated to helping children.,https://unsplash.com/photos/a-man-sitting-at-a-table-using-a-laptop-computer-YF7iYfmF488,,Sophie Gengembre Anderson - It's Touch and Go to Laugh or No.jpg
dap-367,foundation-discovery,Find a Foundation whose mission genuinely moves you.,https://unsplash.com/photos/a-man-sitting-at-a-table-using-a-laptop-computer-KvpZA8s2LfU,,donations2005
dap-368,foundation-discovery,Read how one community is being helped through a Foundation.,https://unsplash.com/photos/a-woman-sitting-at-a-table-using-a-laptop-computer-7Mx-hwRb5H4,,Personal Space Invasion
dap-369,foundation-discovery,Discover one real problem a Foundation is working to solve.,https://unsplash.com/photos/young-woman-wearing-headphones-looks-at-her-phone-TaaVY0CRCps,,Tree of Hope - new leaflet 5 Nov 2011
dap-370,foundation-discovery,Learn how a small donation can create real change.,https://unsplash.com/photos/woman-on-phone-with-laptop-near-window-OnF0ylHNyUo,,"Mike, dancin' dirty and collecting donations"
dap-371,foundation-discovery,Read an update from a Foundation you support.,https://unsplash.com/photos/woman-in-black-and-white-stripe-shirt-using-smartphone-L3W6GiQIRWA,,Station ​Ten
dap-372,foundation-discovery,Discover a new creator who is using their influence to help others.,https://unsplash.com/photos/a-woman-sitting-at-a-table-looking-at-a-cell-phone-p8lkEHF-RFo,,20111031-FNS-LSC-0396
dap-373,foundation-discovery,Find one project you would like to see succeed.,,,Station ​Ten
dap-374,foundation-discovery,Spend time learning about a cause before deciding whether to support it.,https://unsplash.com/photos/man-in-gray-hoodie-wearing-black-cap-gmNd_HVQSBo,,Station ​Ten
dap-375,foundation-discovery,Compare two causes and discover which one speaks to you most.,https://unsplash.com/photos/man-in-black-button-up-shirt-holding-smartphone-sbtfAbhbp3w,,Rutex Ltd - 15 May 20011
dap-376,foundation-discovery,Read about the people behind a project.,https://unsplash.com/photos/man-in-blue-long-sleeve-shirt-and-gray-pants-holding-black-smartphone-sTpBTZIb-ew,,DIG14069-94
dap-377,foundation-discovery,Learn exactly how support is being used in one Foundation.,https://unsplash.com/photos/man-wearing-blue-suit-in-front-of-macbook-pro-RIKpJLuta1o,,NTU's Big Clear Out
dap-378,foundation-discovery,Discover a project outside the cause you usually care about.,https://unsplash.com/photos/man-in-gray-sweater-sitting-on-chair-gpSy5PqvJ0Y,,Girl in Park in Beijing
dap-379,supporting-change,"Support a Foundation with your time, voice, skills, or donation.",https://unsplash.com/photos/a-woman-sitting-on-the-ground-looking-at-a-cell-phone-2C6k6zMr74c,,DSCN4308
dap-380,supporting-change,"Donate to an Influencer Foundation you genuinely believe in, if you can.",https://unsplash.com/photos/a-woman-sitting-at-a-table-looking-at-a-cell-phone-O-7vS6kPzzg,,Grandma Johnson's Clothes
dap-381,supporting-change,Share a Foundation's mission with someone who might care about it.,https://unsplash.com/photos/man-and-woman-laughing-at-smartphone-Y4zNMW3pQAs,,Clothes discards
dap-382,supporting-change,Follow the journey of one project you want to see succeed.,https://unsplash.com/photos/man-in-green-crew-neck-t-shirt-using-smartphone-BLiPdYc1k4A,,"Apples, Kids and Kate!"
dap-383,supporting-change,Choose one cause you would stand behind.,https://unsplash.com/photos/a-man-wearing-a-hat-and-looking-at-a-cell-phone-Y6bXXhjs-is,,Comoros school reconstruction
dap-384,supporting-change,"Make your first contribution to a cause that matters to you, if you can.",https://unsplash.com/photos/man-in-pink-crew-neck-t-shirt-and-black-cap-sitting-on-rock-during-daytime-SJ0e7AIzl3w,,20111031-FNS-LSC-0139
dap-385,supporting-change,Support a project helping people in a part of the world you have never visited.,https://unsplash.com/photos/woman-looking-at-her-phone-with-right-hand-on-her-head-8DXeeef4gSA,,Arms Full
dap-386,supporting-change,Help spread awareness about a cause you believe deserves more attention.,https://unsplash.com/photos/friends-laugh-together-while-looking-at-a-phone-CPVWc-ZJg1o,,20111031-FNS-LSC-0097
dap-387,supporting-change,Return to a Foundation you previously discovered and see what has changed.,https://unsplash.com/photos/young-man-wearing-headphones-smiles-at-phone-PY_jowKTiC0,,Mrs Jones... Impressed!
dap-388,supporting-change,Find out how many people are already supporting a project you care about.,https://unsplash.com/photos/a-person-holding-a-sign-that-says-no-justice-no-peace-ahAgMVN6PoI,,Spring in Verdi Square - May 2008 - 08
dap-389,supporting-change,Read about the real-world impact created by a Foundation.,https://unsplash.com/photos/our-world-our-future-our-choice-streamer-K_y773lrIVU,,USMC-05518.jpg
dap-390,supporting-change,Choose a cause and learn one practical way you could help beyond donating.,https://unsplash.com/photos/a-man-sitting-at-a-table-using-a-laptop-computer-ouf1Fp143XU,,Operation Surf Santa Cruz 2015
dap-391,in-app-discovery,Explore the map and see where voices are joining from today.,https://unsplash.com/photos/world-map-with-pins-TrhLCn1abMU,,Top view of a person reading a book on the world map table. Cup of coffee with cinnamon and a camera next to the book.
dap-392,in-app-discovery,Find a country where you would love to have a new World Choir friend.,https://unsplash.com/photos/assorted-colored-miniature-flag-on-political-map-ngzk9t20kOU,,Ogilvie 400 Vespers 7 March
dap-393,in-app-discovery,Discover how many voices have joined the world so far.,https://unsplash.com/photos/a-large-group-of-people-standing-in-a-large-room-TqLeLNEKbEM,,What Next? Scrabble
dap-394,in-app-discovery,Look at the map and find a part of the world farthest from you.,https://unsplash.com/photos/white-and-blue-map-on-brown-wooden-table-SJvNVEcU5Rc,,Ogilvie 400 Vespers 7 March
dap-395,in-app-discovery,Think about the fact that every Voice Number represents a real person.,https://unsplash.com/photos/woman-in-white-crew-neck-t-shirt-sitting-on-chair-9cFuZzPMmkU,,"Travel by Train, Eighty Years Ago"
dap-396,in-app-discovery,Find three countries you hope will be represented in World Choir.,https://unsplash.com/photos/child-looking-at-map-kZO9xqmO_TA,,Ogilvie 400 Vespers 7 March
dap-397,in-app-discovery,Explore the map and discover a country you know little about.,https://unsplash.com/photos/beige-and-blue-desk-globe-8ML_M_BRI-M,,Person reading on books - RWiC
dap-398,in-app-discovery,See how far World Choir has grown since you joined.,https://unsplash.com/photos/aerial-photo-people-gathering-8I423fRMwjM,,Ogilvie 400 Vespers 7 March
dap-399,in-app-discovery,Share World Choir with one person who would understand its mission.,https://unsplash.com/photos/two-sitting-men-watching-from-smartphone-aWHpV-ocThE,,Ogilvie 400 Vespers 7 March
dap-400,in-app-discovery,Invite one person to add their voice to the world.,https://unsplash.com/photos/two-women-sitting-on-a-couch-looking-at-a-cell-phone-mtvl-H8odh8,,Amplified Greenhouse Effect Shifts North's Growing Seasons
dap-401,in-app-discovery,Read why another person decided to join World Choir.,https://unsplash.com/photos/person-holding-smartphone-on-bed-hxr_1lVeHIc,,Ogilvie 400 Vespers 7 March
dap-402,in-app-discovery,Take a moment to imagine thousands of voices preparing together.,https://unsplash.com/photos/woman-sitting-on-sand-field-yw1y-alKGrg,,CloseTheCamps_30Days_Day24_IMG_3537-1
dap-403,in-app-discovery,Find your Voice Number and remember that nobody else in the world has it.,https://unsplash.com/photos/group-of-people-standing-on-brown-floor-HN6uXG7GzTE,,dirks LEGO globe - 01
dap-404,connection,Share a meal with someone today.,https://unsplash.com/photos/pizza-and-chicken-party-meal-jCvbQdgHxFo,,IMG_1019
dap-405,connection,Get a few people together to play a sport.,https://unsplash.com/photos/people-playing-basketball-RmzmXWuB5EQ,,"Two men and two women play a game of croquet at Braemar Lodge on Lake Ellenwood, Nova Scotia / Deux hommes et deux femme"
dap-406,connection,Invite someone to join something you already have planned.,https://unsplash.com/photos/a-group-of-young-people-playing-a-game-of-soccer-_7zCvQO-l0o,,"The Big Egg Hunt 2013 - Covent Garden, London"
dap-407,connection,Spend time with someone you haven’t seen in a while.,https://unsplash.com/photos/a-man-and-a-child-looking-at-a-plant-Nc-hc5g5yhw,,Two hugging friends in the photo booth
dap-408,connection,Cook something together with someone.,https://unsplash.com/photos/man-in-white-dress-shirt-holding-a-woman-in-brown-long-sleeve-shirt-my1mDMraGf0,,IMG_1020
dap-409,connection,Get your family together for some quality time.,https://unsplash.com/photos/a-family-standing-in-a-field-at-sunset-LOuffSFpWQI,,"hans chr. hansen, architect: ringbo nursing home, bagsværd, copenhagen 1961-1963"
dap-410,connection,Invite someone outside your usual circle to join your group.,https://unsplash.com/photos/friends-laughing-together-on-picnic-blanket-tvbxqXI5mmo,,Retrospective
dap-411,connection,Do something fun with someone you care about.,https://unsplash.com/photos/women-and-men-playing-inside-room-MdN5h3QCiTw,,"Ten of clubs (if you feel like lost, you'll end up found)"
dap-412,connection,Ask someone to teach you something they enjoy doing.,https://unsplash.com/photos/man-in-white-and-blue-crew-neck-t-shirt-wearing-black-sunglasses-PfUH_AuFE_0,,Welcome Home 087:365
dap-413,connection,Play a game together.,https://unsplash.com/photos/two-men-playing-a-game-of-monopoly-on-a-table-pm7QgL2pnSQ,,Coke Side of Life: Coca-Cola Art Remix
dap-414,connection,Go outside with someone and spend time together.,https://unsplash.com/photos/men-and-women-running-on-sea-shore-c59hEeerAaI,,York City Centre - June 2013 - Young American Tourist Candid - Front
dap-415,connection,Ask someone you usually only message to meet in person.,https://unsplash.com/photos/a-man-and-a-woman-sitting-at-a-table-WNi-fZ3AtNw,,Billy Bob Perry
dap-416,connection,Spend time with an older person in your life.,https://unsplash.com/photos/two-women-standing-next-to-each-other-on-a-beach-WasZuKQNtlo,,Elderly man smiling
dap-417,connection,Spend time with someone younger than you.,https://unsplash.com/photos/matching-pair-of-boys-black-and-gray-floral-collared-shirt-and-shorts-standing-on-gray-concrete-area-PWcJ9t7Ne_Q,,LEGO Ninjago Movie Kai poster
dap-418,connection,Make room for one more person in today’s plans.,https://unsplash.com/photos/two-women-hugging-each-other-in-a-parking-lot-gikzHDPJmp0,,Dusty
dap-419,connection,Do something you loved as a child with someone else.,https://unsplash.com/photos/a-group-of-people-playing-with-a-ball-on-the-beach-dDoSj3WbqQs,,"Belly Laugh, Dassanech, Ethiopia (22294760894).jpg"
dap-420,connection,Start a simple tradition that gives people a reason to meet again.,https://unsplash.com/photos/a-happy-family-of-five-posing-in-a-grassy-field-gk1Wzmch1wc,,Filling in the pieces of my life
dap-421,connection,"When you wake up, choose one person you will make time for today.",https://unsplash.com/photos/pregnant-woman-and-man-in-forest-tNIC8uC2bQE,,Ethyl
dap-422,connection,Make the first person you speak to today feel noticed.,https://unsplash.com/photos/a-man-sitting-on-a-couch-hugging-a-little-girl-XLB-LG-K4KE,,Meijendel met Eva (me under a tree reading a magazine)
dap-423,connection,"If you see someone eating alone today, and it feels appropriate, ask if they'd like some company.",https://unsplash.com/photos/woman-eating-a-sandwich-at-a-cafe-table--662KcN8UkA,,The Two Friends
dap-424,connection,"Find someone who has recently moved to your school, workplace, building, or neighbourhood and help them feel more at home.",https://unsplash.com/photos/two-women-shaking-hands-across-a-desk-9TF9pMrCFMo,,Portrait of a laughing baby in a light-coloured dress seated in the grass (AM 76307-1).jpg
dap-425,kindness,Offer to carry something heavy for someone who seems to need help.,https://unsplash.com/photos/a-group-of-people-walking-down-a-sidewalk-puOwSpP2ZCY,,365 x26 The Infamous Coffee Machine
dap-426,kindness,Help someone improve their CV or job application.,https://unsplash.com/photos/a-man-and-a-woman-sitting-at-a-table-with-a-laptop-9ztUwpzaoYM,,Atomic Bunker Emergency Exit and Cargo Elevator Shaft
dap-427,kindness,"Ask someone in your community, “Is there anything I can help you with today?”",https://unsplash.com/photos/man-in-blue-shirt-gives-orange-hats-to-boys-UQ94WDFt-dQ,,20150916-OSEC-LSC-0252
dap-428,kindness,"Buy something someone genuinely needs, if you can.",https://unsplash.com/photos/runner-receives-water-from-volunteer-at-a-race-Di39OPzFcqI,,"2011-09-17 Elf Fantasy Fair 2011 Edition Arcen. Maris Brood, Tamara"
dap-429,kindness,"Before checking social media this morning, send someone a message that will make them smile.",https://unsplash.com/photos/a-woman-laying-in-bed-with-a-light-on-her-face-ygB6yVjb7a4,,Shelly
dap-430,kindness,Make the first words you say to someone today kind ones.,https://unsplash.com/photos/family-eating-dinner-at-home-gorbBYbo6KM,,2011-09-18 Elf Fantasy Fair 2011 Edition Arcen. Dark angel Thamar
dap-431,kindness,"Before leaving home today, do one thing that makes someone else's morning easier.",https://unsplash.com/photos/man-in-black-and-white-stripe-shirt-and-black-pants-standing-in-kitchen-QO_H_hS0738,,double love
dap-432,kindness,Choose someone this morning whose day you will quietly make easier. Don't tell them.,https://unsplash.com/photos/man-and-woman-cooking-UaBIcWSS4FY,,DSCN2973 Meet the Family!!!
dap-433,kindness,Find one person doing an essential job today and make their shift noticeably easier somehow.,https://unsplash.com/photos/a-man-handing-a-bag-of-fruit-to-another-man-xBUDLmcyrVQ,,Carl Wieman
dap-434,kindness,"Ask someone to give you one small task from their to-do list, and complete it for them today.",https://unsplash.com/photos/a-woman-holding-a-red-bag-standing-next-to-a-man-ipD-GQzwQgw,,An Afghan National Civil Order Police officer hands out clothing donated by a charity in New Jersey to children living a
dap-435,kindness,Take a different route today and find one opportunity to help along the way.,https://unsplash.com/photos/a-group-of-people-walking-down-a-street-next-to-tall-buildings-DanOxaF3CsY,,Trash and debris in Bread and Cheese Creek before our spring cleanup on 4/5/14
dap-436,compassion,Give a meal to someone who is hungry.,https://unsplash.com/photos/man-sits-near-woman-zHve9uYWNBM,,Dinner: September 20
dap-437,compassion,Offer food or water to someone experiencing homelessness.,https://unsplash.com/photos/man-in-black-jacket-and-black-pants-sitting-on-white-snow-covered-ground-during-daytime-rbz1hVh7_LM,,Celebrate Spring with Underground Food Collective!
dap-438,compassion,Help serve or distribute food to people who need it.,https://unsplash.com/photos/a-group-of-people-standing-around-a-table-filled-with-fruit-XOb2dnK8EeM,,Cruet Salt & Pepper by Harry Hale - Electrolux Design Lab 2012 semi-finalist
dap-439,compassion,Volunteer to help older people in your community.,https://unsplash.com/photos/man-in-white-button-up-shirt-sitting-beside-woman-in-black-sleeveless-shirt-fJ6AeCf6YRw,,Portrait smiling old man in hat. Mexico
dap-440,compassion,"Pay for a meal for someone who needs one, if you can.",https://unsplash.com/photos/person-in-white-t-shirt-holding-persons-hand--zlxtBVLdaU,,Cruet Salt & Pepper by Harry Hale - Electrolux Design Lab 2012 semi-finalist
dap-441,compassion,"Before breakfast, decide on one person you will help today, then find a way to do it.",,,Cruet Salt & Pepper by Harry Hale - Electrolux Design Lab 2012 semi-finalist
dap-442,compassion,Find someone working today and bring them a bottle of water.,,,Sakuradama for the people - Chapter three
dap-443,compassion,Leave home with one extra snack or drink and give it to someone who needs it before you return.,,,"An Afghan boy runs home in a refugee camp in Kabul, Afghanistan, with new clothes donated by a charity in New Jersey Jul"
dap-444,compassion,"Sit somewhere public for 10 minutes without your phone. If someone needs a hand, be the person who notices.",,,Sweet smiling Gordon
dap-445,generosity,"Buy an essential item for someone who cannot afford it, if you can.",,,Toys-for-Tots charity drive 121213-N-IM663-189.jpg
dap-446,generosity,Collect useful items from friends or family and donate them together.,,,"Family Sharing , Boys at the Beach"
dap-447,generosity,"Give directly to a food bank or food-support organisation, if one exists near you.",,,just a slight change of plans
dap-448,generosity,"Contribute to someone's education or learning, if you can.",,,Local Charities Reach Out to Service Members Half a World Away DVIDS55783.jpg
dap-449,generosity,"Help fund someone's essential need, if you can.",,,Trash and debris in Bread and Cheese Creek before our spring cleanup on 4/5/14
dap-450,generosity,"Support a local organisation doing meaningful work, if you can.",,,Hire security with security
dap-451,generosity,Give yourself a budget and use it only to improve someone else's day.,,,Local Charities Reach Out to Service Members Half a World Away DVIDS55782.jpg
dap-452,generosity,Find something you were going to spend money on today that you don't actually need. Use part of that money to help someone instead.,,,Trash and debris in Bread and Cheese Creek before our spring cleanup on 4/5/14
dap-453,courage,"Register as a blood donor, if possible where you live.",,,If You Had Only One Wish
dap-454,courage,Learn basic first aid or CPR.,,,🎵🎵Bible Verses🎵🎵
dap-455,courage,Encourage someone eligible to donate blood with you.,,,Divine Fire
dap-456,courage,Pray to God today for someone you are struggling to forgive.,,,Valleywag stops by for a quickie
dap-457,courage,"Pray for someone you don't get along with, and genuinely wish them well.",,,Slip
dap-458,community,"Volunteer for a cause in your community, if you can.",,,20150916-OSEC-LSC-0324
dap-459,community,Sign up for a future volunteering opportunity.,,,The colored stairs of Istanbul
dap-460,community,Help at a local community organisation.,,,$2 Portraits Project: Eddie
dap-461,community,Join a cleanup of a shared or public space.,,,Defenstration - San Francisco
dap-462,community,Offer to help at a community event.,,,Larry's folding bike
dap-463,community,Pick up litter in a public place.,,,Jar depicting plant or tree Hierakonpolis tomb Naqada II (3650-3300 BCE) predynastic Egypt
dap-464,community,Clean up a shared space with other people.,,,Doggie Diner Dog Heads @ Operation Restore Defenestration
dap-465,community,Support a community project with your time.,,,Defenstration - San Francisco
dap-466,community,Ask a friend to volunteer with you.,,,Robert
dap-467,community,Get your friends together to help someone who needs it.,,,A quilty hug from my flickr friends
dap-468,community,Get your family together to help someone in your community.,,,Best! Cat Tree! Evar!
dap-469,community,Invite your friends to clean up a shared public space together.,,,Don't make the Buck stop here!
dap-470,community,Choose one local problem and get a few people together to do something about it.,,,20170405-AMS-LSC-2037
dap-471,community,Ask someone you know to join you in today's Act of Peace.,,,Defenstration - San Francisco
dap-472,community,Share the App with 3 Friends.,,,Holly Cerise full
dap-473,community,Share the App in your Family Group Chat.,,,"hans chr. hansen, architect, bellahøj koblingsstation, copenhagen, 1961-68. corner."
dap-474,community,Pray today for peace somewhere in the world where people are suffering.,,,Nicola
dap-475,community,Do one helpful thing for someone today and ask them to pass a good deed forward to someone else.,,,"National Drill Shop - Vale, Oregon"
dap-476,community,Gather three people and complete one Act of Peace together before the day ends.,,,Vancouver Downtown Eastside Incident - Possible Fatality
dap-477,community,Send a message to a group chat with one purpose: organise one good thing you can actually complete together this week.,,,The doctor put away his phone to talk with Nurse Curvey.
dap-478,community,"Ask three people, “What is one small problem around here we could fix?” Pick one answer and act on it.",,,"Charleston, Cumberland Street"
dap-479,community,Find one good deed someone else is already doing and join them instead of starting your own.,,,09di1683-11
dap-480,understanding,Ask a local organisation what kind of help they actually need — then help if you can.,,,Leaping Ottomans - Defenstration - San Francisco
dap-481,understanding,"Ask someone much older or younger than you for one piece of advice, then actually try it today.",,,Brocant Oberkamp-04 cropped
dap-482,understanding,"Ask someone what task they've been avoiding, and offer to do it together.",,,Trash and debris in Bread and Cheese Creek before our spring cleanup on 4/5/14
dap-483,presence,Turn your next gathering with friends into an opportunity to help someone.,,,Jessey&Chelsey
dap-484,presence,"When you first see someone this morning, give them your full attention.",,,Clothes Tree.jpg
dap-485,presence,Take one quiet minute this morning to thank God for the people in your life.,,,poeme to all mothers and woman
dap-486,presence,"Before going to sleep tonight, pray for every person you met today.",,,Bytown Museum
dap-487,courage,Choose one thing you're afraid to do because you might fail. Take the first real step today.,,,"April 24, 2021 Subversive Selfie Project Photo"
dap-488,courage,Do one workout today that challenges you more than your usual one.,,,Worship God in Spirit and in Truth 'It's Such a Joy to Be an Honest Person' (Christian Music Video)
dap-489,courage,Ask someone you trust to tell you one thing they genuinely think you could improve. Don't defend yourself. Just listen.,,,We Are All Dreamers Who Dream Dreams in Dreaming
dap-490,courage,Record a one-minute video talking to yourself one year from now. Tell that person what you're working toward. Don't post it.,,,She Likes Big Floppy Hats
dap-491,understanding,"Spend 30 minutes learning something you've wanted to understand for a long time. At the end, write down what you learned.",,,Letter to Santa - 1990
dap-492,understanding,Write down the three things taking up the most space in your mind right now. Decide what you can actually do about each one.,,,"Edmund Kirby-Smith letter, about his wartime papers"
dap-493,understanding,Choose one skill you want to have a year from now. Practice it until you master it.,,,kiss
dap-494,understanding,Write down where you spent your time yesterday. Circle everything that actually moved your life forward.,,,MC Trademark
dap-495,presence,"Go have lunch by yourself today. Use your phone as little as possible. Be present with yourself and your surroundings. Afterwards, write down how it made you feel.",,,Sketch of Cruet by Harry Hale - Electrolux Design Lab 2012 semi-finalist
dap-496,presence,Choose one bad habit you normally do automatically. Catch yourself once today and deliberately choose differently.,,,“After making the crossing…” Mark 6:53
dap-497,presence,Put your phone in another room for one full hour. Use that hour to do something you've been saying you don't have time for.,,,Mikado (2021)
dap-498,presence,Go for a run or walk today without music. Use the time to think about where you want your life to be one year from now.,,,CloseTheCamps_30Days_Day24_IMG_3548-1
dap-499,connection,Ask a nursing home whether you can bring a board game or cards and spend an afternoon playing with residents.,,,Grandfather and child 3
dap-500,connection,Do something today that the younger version of you would have been excited to do.,,,Best Friends
dap-501,connection,Learn the name of someone you regularly see but have never spoken to. Introduce yourself today.,,,Look at this grown up person reading a book on the plane.
dap-502,kindness,Take your pet somewhere they love but don't get to visit often. Make today their day.,,,'Mingus is a rescued 5-year-old cross Chihuahua. I wanted a dog and went to a rescued dog shelter. Mingus was very frien
dap-503,kindness,"Give your pet an extra adventure today, a new walking route, a safe new place, or extra time exploring outside.",,,"Poor lil girl, broke her leg"
dap-504,kindness,"Go get yourself a small treat today. You've been trying, working, and showing up. Celebrate that.",,,~ Absent Andy ~
dap-505,compassion,Visit a nursing home or senior living community and spend time talking with someone who would enjoy the company. Call ahead if visits need to be arranged.,,,Grandfather and child
dap-506,compassion,"Ask a nursing home if there's a resident who rarely receives visitors. If appropriate, arrange a visit and spend some time with them.",,,Grandmother and granddaughter
dap-507,compassion,Contact a children's hospital or family-support organisation and ask what small approved item would brighten a child's day. Provide one if you can.,,,SAKIKO plays on the swings. (50022505586).jpg
dap-508,compassion,"Ask a local shelter whether they accept volunteers to walk dogs or spend time socialising animals. If they do, give them an hour of your day.",,,Vancouver Downtown Eastside Incident - Possible Fatality
dap-509,generosity,Cook or prepare something today and make an extra portion. Find someone to give it to.,,,Project 365 #103: 130413 The Birthday Girl
dap-510,generosity,"Choose someone who has helped you many times. Today, find a practical way to return one of those favours.",,,Dumping for Charity.jpg
dap-511,generosity,Contact an animal shelter and ask which item they currently need most. Bring it there yourself if you can.,,,Her name is squirrel
